MYT2312,Mythos Tours,AFG7770,10,The best tour operator,Qal eh-ye
APH9348,Aphrodite Tours,ALD3350,4,Average,Mariehamn
APH9348,Aphrodite Tours,ALB6490,1,Very Poor,Kruje
PAN4738,Pan Tours,DZA270,3,Mediocre,Jijel
TAN7563,Tandas Tours,ASM7630,4,Average,Pago Pago
BOO8423,Boozey Woozey Tours,AND4260,0,Not Rated,Andorra
MYT2312,Mythos Tours,AGO2110,0,Not Rated,Mucusso
BAM7523,Bambooo Tours,ARG4290,10,The best tour operator,de Noviembre
APH9348,Aphrodite Tours,ARM8620,7,Very Good,Ashtarak
PUB7458,PUBG Tours,ABW1350,9,Outstanding,Oranjestad
TAN7563,Tandas Tours,AUS220,10,The best tour operator,Central Coast
PUB7458,PUBG Tours,AUT1670,10,The best tour operator,Bregenz
KRI8347,Krishna Tours,AZE110,10,The best tour operator,Gadabay
BAM7523,Bambooo Tours,BHR3730,9,Outstanding,Manama
PUB7458,PUBG Tours,BGD7840,6,Good,Tangail
BOO8423,Boozey Woozey Tours,BRB3240,6,Good,Bridgetown
BOO8423,Boozey Woozey Tours,BLR4130,7,Very Good,Baranavichy
BOO8423,Boozey Woozey Tours,BEL9800,3,Mediocre,Mons
BAM7523,Bambooo Tours,BLZ8620,2,Poor,El Cayo
BOO8423,Boozey Woozey Tours,BEN2810,10,The best tour operator,Lokossa
BAM7523,Bambooo Tours,BMU840,10,The best tour operator,Hamilton
PAN4738,Pan Tours,BTN5050,2,Poor,Paro
MYT2312,Mythos Tours,BOL3130,1,Very Poor,Punata
BOO8423,Boozey Woozey Tours,BIH8950,9,Outstanding,Zenica
PAN4738,Pan Tours,BWA8140,7,Very Good,Mochudi
BOO8423,Boozey Woozey Tours,BRA3640,8,Awesome,Grajau
PAN4738,Pan Tours,BRN870,9,Outstanding,Bandar Seri Begawan
BAM7523,Bambooo Tours,BGR1780,9,Outstanding,Lovec
PAN4738,Pan Tours,BFA4030,7,Very Good,Fada Ngourma
APH9348,Aphrodite Tours,BDI3990,7,Very Good,Cankuzo
BOO8423,Boozey Woozey Tours,KHM6760,1,Very Poor,Kampong Spoe
BAM7523,Bambooo Tours,CMR120,0,Not Rated,Buea
APH9348,Aphrodite Tours,CAN940,10,The best tour operator,Selkirk
BOO8423,Boozey Woozey Tours,CPV5700,9,Outstanding,Mindelo
MYT2312,Mythos Tours,CYM4670,3,Mediocre,George Town
APH9348,Aphrodite Tours,CAF9020,2,Poor,Mobaye
MYT2312,Mythos Tours,TCD6520,5,Better than many other operators,Lai
PAN4738,Pan Tours,CHL2800,6,Good,Rio Verde
TAN7563,Tandas Tours,CHN8650,7,Very Good,Yumen
BOO8423,Boozey Woozey Tours,COL6190,9,Outstanding,Yopal
BAM7523,Bambooo Tours,COM310,5,Better than many other operators,Moroni
BOO8423,Boozey Woozey Tours,COG7710,7,Very Good,Madingou
BOO8423,Boozey Woozey Tours,COD7090,4,Average,Buluko
BAM7523,Bambooo Tours,COK8560,1,Very Poor,Rarotonga
TAN7563,Tandas Tours,CRI5860,6,Good,Heredia
APH9348,Aphrodite Tours,HRV6830,7,Very Good,Sibenik
PAN4738,Pan Tours,CUB5280,1,Very Poor,Ciego de Avila
TAN7563,Tandas Tours,CUW8290,0,Not Rated,Willemstad
TAN7563,Tandas Tours,CYP2700,2,Poor,Larnaka
KRI8347,Krishna Tours,CZE7150,9,Outstanding,Usti Nad Labem
TAN7563,Tandas Tours,DNK7960,8,Awesome,Vejle
PAN4738,Pan Tours,DJI2450,4,Average,Dikhil
TAN7563,Tandas Tours,DMA9210,8,Awesome,Roseau
MYT2312,Mythos Tours,DOM4880,7,Very Good,Sabaneta
KRI8347,Krishna Tours,TLS8410,7,Very Good,Dili
PUB7458,PUBG Tours,ECU5000,3,Mediocre,Puyo
KRI8347,Krishna Tours,EGY1240,1,Very Poor,Shibin el Kom
APH9348,Aphrodite Tours,SLV8560,0,Not Rated,Ahuachapan
BOO8423,Boozey Woozey Tours,GNQ2270,10,The best tour operator,Evinayong
PAN4738,Pan Tours,ERI9360,7,Very Good,Tessenei
BOO8423,Boozey Woozey Tours,EST4370,6,Good,Haapsalu
PAN4738,Pan Tours,ETH4070,5,Better than many other operators,Awasa
BAM7523,Bambooo Tours,FLK8580,4,Average,Fox Bay
TAN7563,Tandas Tours,FRO2370,2,Poor,Klaksvik
BAM7523,Bambooo Tours,FSM8180,0,Not Rated,Palikir
PAN4738,Pan Tours,FJI110,1,Very Poor,Nandi
BOO8423,Boozey Woozey Tours,FIN7760,7,Very Good,Hameenlinna
PUB7458,PUBG Tours,FRA7630,1,Very Poor,Annecy
BAM7523,Bambooo Tours,PYF6060,4,Average,Papeete
BOO8423,Boozey Woozey Tours,GAB8180,9,Outstanding,Ebebiyin
BOO8423,Boozey Woozey Tours,GEO3690,0,Not Rated,Kutaisi
BOO8423,Boozey Woozey Tours,DEU9960,0,Not Rated,Mainz
KRI8347,Krishna Tours,GHA4700,5,Better than many other operators,Sunyani
TAN7563,Tandas Tours,GBR4990,2,Poor,Gibraltar
PUB7458,PUBG Tours,GRC6440,7,Very Good,Lamia
PUB7458,PUBG Tours,GRD1390,1,Very Poor,Qasigiannguit
MYT2312,Mythos Tours,GRE6690,4,Average,Saint George's
MYT2312,Mythos Tours,GUM4640,3,Mediocre,Agana
BAM7523,Bambooo Tours,GUA3550,6,Good,Salama
BOO8423,Boozey Woozey Tours,GUI6110,0,Not Rated,Mali
KRI8347,Krishna Tours,GUB2990,1,Very Poor,Cacheu
PUB7458,PUBG Tours,GUY5680,3,Mediocre,Corriverton
MYT2312,Mythos Tours,HAI3110,1,Very Poor,Jeremie
TAN7563,Tandas Tours,HON8010,6,Good,Yoro
BAM7523,Bambooo Tours,HKG8780,0,Not Rated,Hong Kong
APH9348,Aphrodite Tours,HUN7360,5,Better than many other operators,Veszprem
TAN7563,Tandas Tours,ICE5220,9,Outstanding,Borgarnes
TAN7563,Tandas Tours,IND4160,8,Awesome,Panaji
APH9348,Aphrodite Tours,INA9240,7,Very Good,Binjai
KRI8347,Krishna Tours,IRN6240,8,Awesome,Yasuj
BAM7523,Bambooo Tours,IRQ4520,10,The best tour operator,Dahuk
BAM7523,Bambooo Tours,IRL5500,1,Very Poor,Ros Comain
KRI8347,Krishna Tours,ISM9730,5,Better than many other operators,Douglas
BAM7523,Bambooo Tours,ISR9300,7,Very Good,Ramla
PAN4738,Pan Tours,ITA6600,5,Better than many other operators,Potenza
BOO8423,Boozey Woozey Tours,IVC9810,10,The best tour operator,Touba
TAN7563,Tandas Tours,JAM9590,9,Outstanding,Lucea
PAN4738,Pan Tours,JPN6680,1,Very Poor,Okayama
APH9348,Aphrodite Tours,JOR9260,5,Better than many other operators,Al Mafraq
BOO8423,Boozey Woozey Tours,KZH3400,0,Not Rated,Turgay
APH9348,Aphrodite Tours,KEY3760,6,Good,Nyeri
KRI8347,Krishna Tours,KIR1070,3,Mediocre,Tarawa
BAM7523,Bambooo Tours,KOS1790,9,Outstanding,Prizren
PAN4738,Pan Tours,KUW4120,7,Very Good,Hawalli
PAN4738,Pan Tours,KYG6590,9,Outstanding,Tokmak
KRI8347,Krishna Tours,LAO2100,7,Very Good,Ban Houayxay
BOO8423,Boozey Woozey Tours,LAT2060,9,Outstanding,Rezekne
MYT2312,Mythos Tours,LEB3720,10,The best tour operator,B'abda
PAN4738,Pan Tours,LES8190,7,Very Good,Teyateyaneng
KRI8347,Krishna Tours,LIB9040,2,Poor,Barclayville
BOO8423,Boozey Woozey Tours,LBY9400,3,Mediocre,Dirj
MYT2312,Mythos Tours,LIE2280,9,Outstanding,Vaduz
PUB7458,PUBG Tours,LIT9840,3,Mediocre,Panevezys
KRI8347,Krishna Tours,LXB2240,10,The best tour operator,Diekirch
PUB7458,PUBG Tours,MAU3960,0,Not Rated,Macau
BAM7523,Bambooo Tours,MAC840,7,Very Good,Tetovo
BOO8423,Boozey Woozey Tours,MAD6720,0,Not Rated,Sambava
PAN4738,Pan Tours,MAW3850,0,Not Rated,Mzimba
PAN4738,Pan Tours,MYL6400,6,Good,Kangar
MYT2312,Mythos Tours,MDL7130,0,Not Rated,Male
BOO8423,Boozey Woozey Tours,MAL5240,0,Not Rated,Goundam
MYT2312,Mythos Tours,MAA5810,5,Better than many other operators,Valletta
TAN7563,Tandas Tours,MAI7320,9,Outstanding,Majuro
KRI8347,Krishna Tours,MAN40,9,Outstanding,Fderik
APH9348,Aphrodite Tours,MAU2730,3,Mediocre,Curepipe
MYT2312,Mythos Tours,MEX2550,10,The best tour operator,Vicente Guerrero
BAM7523,Bambooo Tours,MOD5790,1,Very Poor,Dubasari
MYT2312,Mythos Tours,MOC2050,7,Very Good,Monaco
MYT2312,Mythos Tours,MON5040,10,The best tour operator,Suchboatar
PAN4738,Pan Tours,MOG7540,5,Better than many other operators,Podgorica
PAN4738,Pan Tours,MOR9440,6,Good,Ksar El Kebir
KRI8347,Krishna Tours,MOZ5060,8,Awesome,Moatize
APH9348,Aphrodite Tours,MYN8420,1,Very Poor,Loikaw
BOO8423,Boozey Woozey Tours,NMB1890,10,The best tour operator,Omaruru
PAN4738,Pan Tours,NEP9580,4,Average,Sallyan
BAM7523,Bambooo Tours,NTR8080,1,Very Poor,Assen
KRI8347,Krishna Tours,NCA3030,3,Mediocre,Noumea
BAM7523,Bambooo Tours,NZL6480,10,The best tour operator,Greymouth
PAN4738,Pan Tours,NCG5670,9,Outstanding,Somoto
MYT2312,Mythos Tours,NGR5290,3,Mediocre,Goure
MYT2312,Mythos Tours,NIG7880,6,Good,Umuahia
KRI8347,Krishna Tours,PRK9900,5,Better than many other operators,Sariwon
KRI8347,Krishna Tours,NCY3630,9,Outstanding,Kyrenia
PAN4738,Pan Tours,NMI8920,7,Very Good,Capitol Hill
TAN7563,Tandas Tours,NRW1520,1,Very Poor,Arendal
TAN7563,Tandas Tours,OMN1880,4,Average,Alayat Samail
PAN4738,Pan Tours,PAK4360,5,Better than many other operators,Parachinar
BAM7523,Bambooo Tours,PAU9210,0,Not Rated,Koror
PUB7458,PUBG Tours,PAT280,9,Outstanding,Ramallah
APH9348,Aphrodite Tours,PAN7480,8,Awesome,El Porvenir
APH9348,Aphrodite Tours,PNG7940,2,Poor,Wabag
APH9348,Aphrodite Tours,PRG430,6,Good,Mariscal Jose F. Estigarribia
MYT2312,Mythos Tours,PER4280,7,Very Good,Ferrenafe
MYT2312,Mythos Tours,PHP6810,4,Average,San Carlos
PAN4738,Pan Tours,POL1590,8,Awesome,Olsztyn
PAN4738,Pan Tours,PTR1340,2,Poor,Aveiro
PUB7458,PUBG Tours,PRO2150,3,Mediocre,Ponce
APH9348,Aphrodite Tours,QTR6290,7,Very Good,Doha
BAM7523,Bambooo Tours,ROM2850,8,Awesome,Targu Jiu
MYT2312,Mythos Tours,RUS3350,2,Poor,Nazran
BOO8423,Boozey Woozey Tours,RWN2380,6,Good,Gikongoro
APH9348,Aphrodite Tours,SKN2890,6,Good,Basseterre
TAN7563,Tandas Tours,SLU2920,10,The best tour operator,Castries
APH9348,Aphrodite Tours,SAM1440,7,Very Good,Apia
PAN4738,Pan Tours,SMA6820,9,Outstanding,San Marino
BOO8423,Boozey Woozey Tours,STP5690,7,Very Good,Santo Antonio
BOO8423,Boozey Woozey Tours,SAU2610,9,Outstanding,An Nabk
PAN4738,Pan Tours,SEN1170,9,Outstanding,Fatick
BOO8423,Boozey Woozey Tours,SER810,4,Average,Subotica
APH9348,Aphrodite Tours,SYC4250,2,Poor,Victoria
KRI8347,Krishna Tours,SLE6770,0,Not Rated,Makeni
APH9348,Aphrodite Tours,SGP6260,4,Average,Singapore
MYT2312,Mythos Tours,SLO6140,5,Better than many other operators,Banska Bystrica
PAN4738,Pan Tours,SLO3580,6,Good,Maribor
BOO8423,Boozey Woozey Tours,SOS1000,9,Outstanding,Gizo
TAN7563,Tandas Tours,SOM9940,0,Not Rated,Xuddur
PUB7458,PUBG Tours,SOI5780,8,Awesome,Laascaanood
PUB7458,PUBG Tours,ZSA2900,3,Mediocre,Qacha's Nek
PUB7458,PUBG Tours,SGI510,3,Mediocre,Grytviken
PUB7458,PUBG Tours,KOR5930,1,Very Poor,Eumseong
BAM7523,Bambooo Tours,SSU3120,10,The best tour operator,Bentiu
BAM7523,Bambooo Tours,ESP3550,9,Outstanding,Merida
PAN4738,Pan Tours,SRL4120,9,Outstanding,Trincomalee
BAM7523,Bambooo Tours,SUD9690,4,Average,Ed Damazin
PAN4738,Pan Tours,SUR3550,7,Very Good,Onverwacht
APH9348,Aphrodite Tours,SWZ4330,9,Outstanding,Piggs Peak
PUB7458,PUBG Tours,SWE3380,2,Poor,Falun
APH9348,Aphrodite Tours,SWI2840,1,Very Poor,Delemont
PAN4738,Pan Tours,SYR6060,4,Average,Dar'a
TAN7563,Tandas Tours,TWN2370,10,The best tour operator,Bade
PUB7458,PUBG Tours,TAJ2170,6,Good,Leninobod
PUB7458,PUBG Tours,TAN7830,9,Outstanding,Wete
PUB7458,PUBG Tours,THA8730,4,Average,Mae Hong Son
PUB7458,PUBG Tours,BAH4830,9,Outstanding,Freeport
TAN7563,Tandas Tours,GAM7570,6,Good,Georgetown
APH9348,Aphrodite Tours,TOG7290,2,Poor,Bassar
PAN4738,Pan Tours,TOG6180,1,Very Poor,Neiafu
BOO8423,Boozey Woozey Tours,TAT3880,6,Good,San Fernando
BAM7523,Bambooo Tours,TUN1570,4,Average,Medemine
PAN4738,Pan Tours,TUR3580,7,Very Good,Kirklareli
BAM7523,Bambooo Tours,TKM4170,9,Outstanding,Gyzlarbat
BAM7523,Bambooo Tours,TCI3630,7,Very Good,Grand Turk
TAN7563,Tandas Tours,TVL1730,6,Good,Funafuti
PAN4738,Pan Tours,UGN4620,9,Outstanding,Kalangala
PAN4738,Pan Tours,UKR2920,3,Mediocre,Mykolayiv
KRI8347,Krishna Tours,UAE1150,5,Better than many other operators,Umm al Qaywayn
BAM7523,Bambooo Tours,GRB5740,5,Better than many other operators,Greenock
PUB7458,PUBG Tours,UVG300,2,Poor,Christiansted
TAN7563,Tandas Tours,URG810,4,Average,Colonia del Sacramento
PUB7458,PUBG Tours,UZB20,10,The best tour operator,Khujayli
PUB7458,PUBG Tours,VNT7960,3,Mediocre,Luganville
TAN7563,Tandas Tours,VAT5800,6,Good,Vatican City
PUB7458,PUBG Tours,VEN9700,7,Very Good,San Carlos
BAM7523,Bambooo Tours,VNM3790,8,Awesome,Tay Ninh
PAN4738,Pan Tours,WSA5360,0,Not Rated,Bir Lehlou
PUB7458,PUBG Tours,YMN4830,10,The best tour operator,Al Bayda
KRI8347,Krishna Tours,ZMB8570,0,Not Rated,Kawambwa
KRI8347,Krishna Tours,ZMV9110,4,Average,Mazowe
APH9348,Aphrodite Tours,GUI2360,6,Good,Beyla
PAN4738,Pan Tours,GUI1050,8,Awesome,Gueckedou
TAN7563,Tandas Tours,GUI2440,5,Better than many other operators,Dinguiraye
APH9348,Aphrodite Tours,GUI9340,4,Average,Dabola
BAM7523,Bambooo Tours,GUI9550,1,Very Poor,Kerouane
PUB7458,PUBG Tours,GUI7680,7,Very Good,Siguiri
APH9348,Aphrodite Tours,GUI8050,2,Poor,Mamou
BAM7523,Bambooo Tours,GUI9820,9,Outstanding,Kamsar
KRI8347,Krishna Tours,GUI930,8,Awesome,Fria
BOO8423,Boozey Woozey Tours,GUI5930,5,Better than many other operators,Macenta
APH9348,Aphrodite Tours,GUI5430,8,Awesome,Yomou
PAN4738,Pan Tours,GUI7130,7,Very Good,Faranah
TAN7563,Tandas Tours,GUI7620,8,Awesome,Kissidougou
TAN7563,Tandas Tours,GUI9190,1,Very Poor,Labe
PUB7458,PUBG Tours,GUI2940,0,Not Rated,Boke
PUB7458,PUBG Tours,GUI2350,7,Very Good,Kindia
PAN4738,Pan Tours,GUI1530,7,Very Good,Kankan
PUB7458,PUBG Tours,GUI3280,9,Outstanding,Nzerekore
PAN4738,Pan Tours,GUI7100,6,Good,Conakry
BOO8423,Boozey Woozey Tours,GUB8360,9,Outstanding,Cacheu
PUB7458,PUBG Tours,GUB900,7,Very Good,Farim
KRI8347,Krishna Tours,GUB9040,1,Very Poor,Fulacunda
APH9348,Aphrodite Tours,GUB6330,3,Mediocre,Gabu
BAM7523,Bambooo Tours,GUB730,1,Very Poor,Catio
KRI8347,Krishna Tours,GUB8050,0,Not Rated,Bolama
PUB7458,PUBG Tours,GUB5030,2,Poor,Bafata
MYT2312,Mythos Tours,GUB1950,4,Average,Bissau
TAN7563,Tandas Tours,GUY1200,4,Average,Corriverton
TAN7563,Tandas Tours,GUY7630,4,Average,Ituni
MYT2312,Mythos Tours,GUY9810,2,Poor,Lethem
APH9348,Aphrodite Tours,GUY360,9,Outstanding,Kumaka
PAN4738,Pan Tours,GUY5180,0,Not Rated,Bartica
TAN7563,Tandas Tours,GUY5320,2,Poor,Anna Regina
APH9348,Aphrodite Tours,GUY3210,8,Awesome,Linden
APH9348,Aphrodite Tours,GUY1720,0,Not Rated,Mabaruma
KRI8347,Krishna Tours,GUY400,8,Awesome,New Amsterdam
KRI8347,Krishna Tours,GUY3980,10,The best tour operator,Georgetown
PAN4738,Pan Tours,HAI3470,10,The best tour operator,Jeremie
BAM7523,Bambooo Tours,HAI5730,0,Not Rated,Port-De-Paix
BAM7523,Bambooo Tours,HAI5220,1,Very Poor,Hinche
PUB7458,PUBG Tours,HAI820,3,Mediocre,Fort-Liberte
BOO8423,Boozey Woozey Tours,HAI2040,4,Average,Jacmel
PUB7458,PUBG Tours,HAI8980,1,Very Poor,Les Cayes
PUB7458,PUBG Tours,HAI2780,8,Awesome,Gonaives
PAN4738,Pan Tours,HAI2620,0,Not Rated,Cap-Haitien
PUB7458,PUBG Tours,HAI8480,1,Very Poor,Port-au-Prince
BAM7523,Bambooo Tours,HON2720,6,Good,Yoro
PAN4738,Pan Tours,HON3350,5,Better than many other operators,La Esperanza
TAN7563,Tandas Tours,HON3650,10,The best tour operator,La Paz
TAN7563,Tandas Tours,HON7760,8,Awesome,Santa Barbara
TAN7563,Tandas Tours,HON7010,10,The best tour operator,Gracias
TAN7563,Tandas Tours,HON9330,2,Poor,Nueva Ocotepeque
PAN4738,Pan Tours,HON7280,3,Mediocre,Yuscaran
PUB7458,PUBG Tours,HON7200,9,Outstanding,Roatan
MYT2312,Mythos Tours,HON3340,10,The best tour operator,Nacaome
BAM7523,Bambooo Tours,HON3760,0,Not Rated,Santa Rosa de Copan
KRI8347,Krishna Tours,HON520,1,Very Poor,Trujillo
KRI8347,Krishna Tours,HON5590,1,Very Poor,Brus Laguna
BOO8423,Boozey Woozey Tours,HON160,5,Better than many other operators,Puerto Lempira
APH9348,Aphrodite Tours,HON5390,10,The best tour operator,Juticalpa
BOO8423,Boozey Woozey Tours,HON1090,4,Average,Comayagua
APH9348,Aphrodite Tours,HON1140,9,Outstanding,Choluteca
MYT2312,Mythos Tours,HON4260,0,Not Rated,La Ceiba
KRI8347,Krishna Tours,HON2230,6,Good,San Pedro Sula
APH9348,Aphrodite Tours,HON5320,2,Poor,Tegucigalpa
KRI8347,Krishna Tours,HKG8750,0,Not Rated,Hong Kong
PUB7458,PUBG Tours,HUN5900,9,Outstanding,Veszprem
PUB7458,PUBG Tours,HUN1310,1,Very Poor,Zalaegerszeg
BOO8423,Boozey Woozey Tours,HUN4940,2,Poor,Tatabanya
MYT2312,Mythos Tours,HUN6030,3,Mediocre,Szekszard
PUB7458,PUBG Tours,HUN9820,10,The best tour operator,Salgotarjan
APH9348,Aphrodite Tours,HUN4150,5,Better than many other operators,Bekescsaba
BOO8423,Boozey Woozey Tours,HUN4040,6,Good,Eger
PAN4738,Pan Tours,HUN5510,0,Not Rated,Szombathely
APH9348,Aphrodite Tours,HUN1340,2,Poor,Kecskemet
MYT2312,Mythos Tours,HUN4150,7,Very Good,Szekesfehervar
PUB7458,PUBG Tours,HUN5950,4,Average,Nyiregyhaza
PUB7458,PUBG Tours,HUN2970,8,Awesome,Pecs
MYT2312,Mythos Tours,HUN1540,7,Very Good,Gyor
BAM7523,Bambooo Tours,HUN5870,3,Mediocre,Kaposvar
BAM7523,Bambooo Tours,HUN210,4,Average,Vac
BAM7523,Bambooo Tours,HUN8600,1,Very Poor,Miskolc
MYT2312,Mythos Tours,HUN6850,9,Outstanding,Szeged
BAM7523,Bambooo Tours,HUN9300,10,The best tour operator,Debrecen
KRI8347,Krishna Tours,HUN3140,6,Good,Szolnok
BAM7523,Bambooo Tours,HUN8200,4,Average,Budapest
PUB7458,PUBG Tours,ICE5280,4,Average,Borgarnes
PUB7458,PUBG Tours,ICE4900,7,Very Good,Egilsstadir
PAN4738,Pan Tours,ICE6180,9,Outstanding,Saudarkrokur
APH9348,Aphrodite Tours,ICE9280,5,Better than many other operators,Selfoss
BAM7523,Bambooo Tours,ICE3100,7,Very Good,Hofn
BOO8423,Boozey Woozey Tours,ICE2250,6,Good,Isafjordur
PUB7458,PUBG Tours,ICE4370,6,Good,Akureyi
APH9348,Aphrodite Tours,ICE7220,8,Awesome,Keflavik
BAM7523,Bambooo Tours,ICE6570,9,Outstanding,Reykjavik
PUB7458,PUBG Tours,IND1260,1,Very Poor,Panaji
MYT2312,Mythos Tours,IND6510,6,Good,Simla
PAN4738,Pan Tours,IND5280,10,The best tour operator,Gurgaon
APH9348,Aphrodite Tours,IND8880,10,The best tour operator,Sonipat
APH9348,Aphrodite Tours,IND5770,3,Mediocre,Rohtak
BAM7523,Bambooo Tours,IND1990,4,Average,Hisar
TAN7563,Tandas Tours,IND870,6,Good,Bhiwani
BAM7523,Bambooo Tours,IND6570,1,Very Poor,Ambala
PUB7458,PUBG Tours,IND170,7,Very Good,Sopur
PAN4738,Pan Tours,IND3680,3,Mediocre,Silvassa
PUB7458,PUBG Tours,IND1950,4,Average,Kalyan
PUB7458,PUBG Tours,IND2660,0,Not Rated,Bhusawal
PAN4738,Pan Tours,IND5280,1,Very Poor,Jorhat
TAN7563,Tandas Tours,IND2780,1,Very Poor,Hoshiarpur
KRI8347,Krishna Tours,IND6720,9,Outstanding,Ajmer
PUB7458,PUBG Tours,IND00,9,Outstanding,Hathras
BAM7523,Bambooo Tours,IND2830,6,Good,Sitapur
MYT2312,Mythos Tours,IND3820,0,Not Rated,Pilibhit
MYT2312,Mythos Tours,IND3340,5,Better than many other operators,Budaun
APH9348,Aphrodite Tours,IND4210,10,The best tour operator,Firozabad
KRI8347,Krishna Tours,IND9570,5,Better than many other operators,Mathura
TAN7563,Tandas Tours,IND7620,6,Good,Bulandshahr
PAN4738,Pan Tours,IND7160,10,The best tour operator,Hapur
APH9348,Aphrodite Tours,IND6620,1,Very Poor,Muzaffarnagar
BOO8423,Boozey Woozey Tours,IND2170,6,Good,Gangtok
TAN7563,Tandas Tours,IND150,9,Outstanding,Diu
PUB7458,PUBG Tours,IND3640,7,Very Good,Pathankot
BOO8423,Boozey Woozey Tours,IND4910,2,Poor,Sirsa
TAN7563,Tandas Tours,IND5370,7,Very Good,Panipat
APH9348,Aphrodite Tours,IND8710,10,The best tour operator,Karnal
PAN4738,Pan Tours,IND8560,7,Very Good,Baramula
PUB7458,PUBG Tours,IND9700,1,Very Poor,Proddatur
TAN7563,Tandas Tours,IND5110,4,Average,Nandyal
BOO8423,Boozey Woozey Tours,IND3610,4,Average,Hindupur
TAN7563,Tandas Tours,IND1120,6,Good,Tirupati
APH9348,Aphrodite Tours,IND6380,0,Not Rated,Ongole
BOO8423,Boozey Woozey Tours,IND4890,2,Poor,Vizianagaram
MYT2312,Mythos Tours,IND1040,1,Very Poor,Rajahmundry
MYT2312,Mythos Tours,IND1410,4,Average,Machilipatnam
PAN4738,Pan Tours,IND9690,4,Average,Khammam
PUB7458,PUBG Tours,IND9560,2,Poor,Chirala
PAN4738,Pan Tours,IND6490,9,Outstanding,Karimnagar
BAM7523,Bambooo Tours,IND3140,0,Not Rated,Nizamabad
BAM7523,Bambooo Tours,IND1830,6,Good,Kollam
APH9348,Aphrodite Tours,IND5350,5,Better than many other operators,Alappuzha
BOO8423,Boozey Woozey Tours,IND3930,6,Good,Puri
PAN4738,Pan Tours,IND1090,9,Outstanding,Sambalpur
PUB7458,PUBG Tours,IND2640,10,The best tour operator,Raurkela
BAM7523,Bambooo Tours,IND2950,7,Very Good,Kavaratti
PUB7458,PUBG Tours,IND8330,7,Very Good,Mandya
MYT2312,Mythos Tours,IND3550,8,Awesome,Kolar
APH9348,Aphrodite Tours,IND4680,8,Awesome,Shimoga
BAM7523,Bambooo Tours,IND9330,0,Not Rated,Raichur
TAN7563,Tandas Tours,IND1710,4,Average,Hospet
MYT2312,Mythos Tours,IND1400,3,Mediocre,Bidar
KRI8347,Krishna Tours,IND7610,5,Better than many other operators,Sangli
APH9348,Aphrodite Tours,IND500,4,Average,Parbhani
MYT2312,Mythos Tours,IND750,2,Poor,Malegaon
TAN7563,Tandas Tours,IND6240,9,Outstanding,Port Blair
KRI8347,Krishna Tours,IND2890,5,Better than many other operators,Tezpur
TAN7563,Tandas Tours,IND2380,8,Awesome,Silchar
KRI8347,Krishna Tours,IND3830,1,Very Poor,Kohima
MYT2312,Mythos Tours,IND3430,10,The best tour operator,Shillong
BOO8423,Boozey Woozey Tours,IND9810,4,Average,Abohar
MYT2312,Mythos Tours,IND110,7,Very Good,Patiala
TAN7563,Tandas Tours,IND1920,6,Good,Bhilwara
BAM7523,Bambooo Tours,IND8680,10,The best tour operator,Pali
TAN7563,Tandas Tours,IND1740,0,Not Rated,Tonk
APH9348,Aphrodite Tours,IND2160,5,Better than many other operators,Sikar
KRI8347,Krishna Tours,IND4870,3,Mediocre,Bikaner
MYT2312,Mythos Tours,IND9570,10,The best tour operator,Bharatpur
TAN7563,Tandas Tours,IND9330,7,Very Good,Alwar
BOO8423,Boozey Woozey Tours,IND4180,8,Awesome,Fatehpur
PAN4738,Pan Tours,IND7260,7,Very Good,Faizabad
MYT2312,Mythos Tours,IND3930,3,Mediocre,Bahraich
APH9348,Aphrodite Tours,IND3050,0,Not Rated,Mirzapur
PAN4738,Pan Tours,IND5590,2,Poor,Jhansi
PUB7458,PUBG Tours,IND5620,5,Better than many other operators,Shahjahanpur
TAN7563,Tandas Tours,IND2800,3,Mediocre,Rampur
KRI8347,Krishna Tours,IND100,5,Better than many other operators,Bareilly
PUB7458,PUBG Tours,IND5830,10,The best tour operator,Etawah
BOO8423,Boozey Woozey Tours,IND7080,3,Mediocre,Dehra Dun
TAN7563,Tandas Tours,IND5570,0,Not Rated,Haora
PUB7458,PUBG Tours,IND7100,10,The best tour operator,Alipur Duar
